{
    "id":"mistborn",
    "title":"Unofficial Mistborn Adventure Game",
    "description":"Based on Crafty games Mistborn Adventure Game with house rules",
    "version":"0.0.1",
    "compatibility": {
        "minimum": "11",
        "verified": "11.315",
        "maximum": "11"
    },
    "templateVersion":5,
    "authors":[
        {
            "name":"Kallor",
            "url":"https://github.com/Kallor/MistbornVTT/"
        },
        {
            "name":"Nehon",
            "url":"https://github.com/Nehon/"
        }
    ],
    "esmodules": ["module/simple.js", "module/chat-command.js"],
    "styles": ["styles/mistborn.css"],
    "packs":[],
    "languages":[
        {
            "lang":"en",
            "name":"English",
            "path":"lang/en.json"
        }
    ],    
    "gridDistance": 1,
    "gridUnits": "m",
    "primaryTokenAttribute": "health",
    "secondaryTokenAttribute": "willpower",
    "url": "https://https://github.com/Kallor/MistbornVTT",
    "manifest": "https://raw.githubusercontent.com/Kallor/MistbornVTT/master/system.json",
    "download": "https://github.com/Kallor/MistbornVTT/raw/master/download/archive.zip",
    "license": "licence.txt"
}
