{
"Actor": {
  "types": ["character"], 
  "character": {    
    "story":"<p><strong>Crew Name</strong>: ________&nbsp; &nbsp;<strong>Cause</strong>: ________&nbsp; &nbsp;<strong>Target</strong>: ________&nbsp; &nbsp;<strong>Method</strong>: ________&nbsp; &nbsp;</p><p><strong>Tragedy</strong>:</p><p>&nbsp;</p><p>&nbsp;</p><p><strong>Destiny</strong>:</p><p>&nbsp;</p><p>&nbsp;</p><p><strong>Secrets Known</strong>:&nbsp;</p><p>&nbsp;</p><p>&nbsp;</p><p>&nbsp;</p>",
    "concept": "",
    "race": "",
    "sex":"",
    "age":"",
    "height":"",
    "weight":"",  
    "advancements":0,
    "physique": 0,
    "charm": 0,
    "wits": 0,
    "resources":0,          
    "influence": 0,          
    "spirit":0,
    "health":0,
    "reputation":0,
    "willpower": 0,
    "resourcesSpent":0,          
    "influenceSpent": 0,          
    "spiritSpent":0,
    "healthSpent":0,
    "reputationSpent":0,
    "willpowerSpent": 0,
    "traits": "<p><strong>&nbsp; &nbsp; &nbsp; &nbsp; &nbsp; &nbsp; Drive:</strong>&nbsp;_____________<strong>&nbsp;</strong><br /><strong>&nbsp; &nbsp;Profession:</strong>&nbsp;_____________<strong>&nbsp;</strong></p><p><strong>&nbsp; &nbsp; Speciality:</strong> _____________</p><p><strong>&nbsp; &nbsp; &nbsp; &nbsp; Feature:</strong> _____________</p><p><strong>Personality:</strong>&nbsp;_____________</p><div>&nbsp;</div>",
    "burdens": "",
    "powers":[
      {
        "type":"a",
        "name":"",
        "metal":"",
        "rating":0,
        "charges":0,
        "stunts":[
            {
                "name":"",
                "effect":""
            }
        ]
      }
    ] 
  }
},
"Item": {
  "types": ["prop"],  
  "prop": {
    "quantity": 1,
    "description": ""
  }
}
}